Taxonomy,abundance,phylum,class,order,family,genus,species
Terriglobus roseus,1003,Acidobacteria,Acidobacteriia,Acidobacteriales,Acidobacteriaceae,Terriglobus,Terriglobus roseus
Candidatus Solibacter usitatus,1375.5,Acidobacteria,Acidobacteriia,Bryobacterales,Solibacteraceae,Candidatus Solibacter,Candidatus Solibacter usitatus
Luteitalea pratensis,1033.166667,Acidobacteria,Vicinamibacteria,,Vicinamibacteraceae,Luteitalea,Luteitalea pratensis
Trueperella pyogenes,1209.5,Actinobacteria,Actinobacteria,Actinomycetales,Actinomycetaceae,Trueperella,Trueperella pyogenes
Bifidobacterium adolescentis,1972.333333,Actinobacteria,Actinobacteria,Bifidobacteriales,Bifidobacteriaceae,Bifidobacterium,Bifidobacterium adolescentis
Bifidobacterium animalis,997.3333333,Actinobacteria,Actinobacteria,Bifidobacteriales,Bifidobacteriaceae,Bifidobacterium,Bifidobacterium animalis
Bifidobacterium choerinum,1299.5,Actinobacteria,Actinobacteria,Bifidobacteriales,Bifidobacteriaceae,Bifidobacterium,Bifidobacterium choerinum
Bifidobacterium gallinarum,1060.5,Actinobacteria,Actinobacteria,Bifidobacteriales,Bifidobacteriaceae,Bifidobacterium,Bifidobacterium gallinarum
Bifidobacterium longum,1706.5,Actinobacteria,Actinobacteria,Bifidobacteriales,Bifidobacteriaceae,Bifidobacterium,Bifidobacterium longum
Bifidobacterium pseudolongum,1271.5,Actinobacteria,Actinobacteria,Bifidobacteriales,Bifidobacteriaceae,Bifidobacterium,Bifidobacterium pseudolongum
Bifidobacterium scardovii,1036.666667,Actinobacteria,Actinobacteria,Bifidobacteriales,Bifidobacteriaceae,Bifidobacterium,Bifidobacterium scardovii
Bifidobacterium thermophilum,18932.16667,Actinobacteria,Actinobacteria,Bifidobacteriales,Bifidobacteriaceae,Bifidobacterium,Bifidobacterium thermophilum
Corynebacterium xerosis,5656.5,Actinobacteria,Actinobacteria,Corynebacteriales,Corynebacteriaceae,Corynebacterium,Corynebacterium xerosis
Nocardia brasiliensis,813.8333333,Actinobacteria,Actinobacteria,Corynebacteriales,Nocardiaceae,Nocardia,Nocardia brasiliensis
Clavibacter michiganensis,1032.666667,Actinobacteria,Actinobacteria,Micrococcales,Microbacteriaceae,Clavibacter,Clavibacter michiganensis
Microbacterium foliorum,613.5,Actinobacteria,Actinobacteria,Micrococcales,Microbacteriaceae,Microbacterium,Microbacterium foliorum
Streptomyces venezuelae,2007.333333,Actinobacteria,Actinobacteria,Streptomycetales,Streptomycetaceae,Streptomyces,Streptomyces venezuelae
Nonomuraea sp. WYY166,926.3333333,Actinobacteria,Actinobacteria,Streptosporangiales,Streptosporangiaceae,Nonomuraea,Nonomuraea sp. WYY166
Atopobium parvulum,985,Actinobacteria,Coriobacteriia,Coriobacteriales,Atopobiaceae,Atopobium,Atopobium parvulum
Libanicoccus massiliensis,2246.333333,Actinobacteria,Coriobacteriia,Coriobacteriales,Atopobiaceae,Libanicoccus,Libanicoccus massiliensis
Olsenella sp. GAM18,3198,Actinobacteria,Coriobacteriia,Coriobacteriales,Atopobiaceae,Olsenella,Olsenella sp. GAM18
Olsenella sp. oral taxon 807,1445.666667,Actinobacteria,Coriobacteriia,Coriobacteriales,Atopobiaceae,Olsenella,Olsenella sp. oral taxon 807
Olsenella uli,2010.5,Actinobacteria,Coriobacteriia,Coriobacteriales,Atopobiaceae,Olsenella,Olsenella uli
Olsenella umbonata,4154.166667,Actinobacteria,Coriobacteriia,Coriobacteriales,Atopobiaceae,Olsenella,Olsenella umbonata
Parolsenella catena,2085,Actinobacteria,Coriobacteriia,Coriobacteriales,Atopobiaceae,Parolsenella,Parolsenella catena
Collinsella aerofaciens,17772,Actinobacteria,Coriobacteriia,Coriobacteriales,Coriobacteriaceae,Collinsella,Collinsella aerofaciens
Coriobacterium glomerans,1138.166667,Actinobacteria,Coriobacteriia,Coriobacteriales,Coriobacteriaceae,Coriobacterium,Coriobacterium glomerans
Coriobacteriaceae bacterium 68-1-3,1673.666667,Actinobacteria,Coriobacteriia,Coriobacteriales,Coriobacteriaceae,,Coriobacteriaceae bacterium 68-1-3
Adlercreutzia equolifaciens,1665.5,Actinobacteria,Coriobacteriia,Eggerthellales,Eggerthellaceae,Adlercreutzia,Adlercreutzia equolifaciens
Adlercreutzia sp. 8CFCBH1,1800.5,Actinobacteria,Coriobacteriia,Eggerthellales,Eggerthellaceae,Adlercreutzia,Adlercreutzia sp. 8CFCBH1
Arabia massiliensis,2267.666667,Actinobacteria,Coriobacteriia,Eggerthellales,Eggerthellaceae,Arabia,Arabia massiliensis
Denitrobacterium detoxificans,2375,Actinobacteria,Coriobacteriia,Eggerthellales,Eggerthellaceae,Denitrobacterium,Denitrobacterium detoxificans
Eggerthella lenta,2882,Actinobacteria,Coriobacteriia,Eggerthellales,Eggerthellaceae,Eggerthella,Eggerthella lenta
Eggerthella sp. YY7918,1894,Actinobacteria,Coriobacteriia,Eggerthellales,Eggerthellaceae,Eggerthella,Eggerthella sp. YY7918
Gordonibacter pamelaeae,1958.666667,Actinobacteria,Coriobacteriia,Eggerthellales,Eggerthellaceae,Gordonibacter,Gordonibacter pamelaeae
Gordonibacter urolithinfaciens,1735.833333,Actinobacteria,Coriobacteriia,Eggerthellales,Eggerthellaceae,Gordonibacter,Gordonibacter urolithinfaciens
Phoenicibacter congonensis,794.5,Actinobacteria,Coriobacteriia,Eggerthellales,Eggerthellaceae,Phoenicibacter,Phoenicibacter congonensis
Slackia heliotrinireducens,5187.5,Actinobacteria,Coriobacteriia,Eggerthellales,Eggerthellaceae,Slackia,Slackia heliotrinireducens
Eggerthellaceae bacterium zg-1050,1525.833333,Actinobacteria,Coriobacteriia,Eggerthellales,Eggerthellaceae,,Eggerthellaceae bacterium zg-1050
Rubrobacter xylanophilus,1082.333333,Actinobacteria,Rubrobacteria,Rubrobacterales,Rubrobacteraceae,Rubrobacter,Rubrobacter xylanophilus
Conexibacter woesei,920.1666667,Actinobacteria,Thermoleophilia,Solirubrobacterales,Conexibacteraceae,Conexibacter,Conexibacter woesei
Bacteroides caccae,3240.666667,Bacteroidetes,Bacteroidia,Bacteroidales,Bacteroidaceae,Bacteroides,Bacteroides caccae
Bacteroides caecimuris,2310.5,Bacteroidetes,Bacteroidia,Bacteroidales,Bacteroidaceae,Bacteroides,Bacteroides caecimuris
Bacteroides cellulosilyticus,3502.5,Bacteroidetes,Bacteroidia,Bacteroidales,Bacteroidaceae,Bacteroides,Bacteroides cellulosilyticus
Bacteroides coprosuis,1960.333333,Bacteroidetes,Bacteroidia,Bacteroidales,Bacteroidaceae,Bacteroides,Bacteroides coprosuis
Bacteroides dorei,4410.833333,Bacteroidetes,Bacteroidia,Bacteroidales,Bacteroidaceae,Bacteroides,Bacteroides dorei
Bacteroides fragilis,13678,Bacteroidetes,Bacteroidia,Bacteroidales,Bacteroidaceae,Bacteroides,Bacteroides fragilis
Bacteroides helcogenes,4719.666667,Bacteroidetes,Bacteroidia,Bacteroidales,Bacteroidaceae,Bacteroides,Bacteroides helcogenes
Bacteroides heparinolyticus,4986,Bacteroidetes,Bacteroidia,Bacteroidales,Bacteroidaceae,Bacteroides,Bacteroides heparinolyticus
Bacteroides intestinalis,2996.333333,Bacteroidetes,Bacteroidia,Bacteroidales,Bacteroidaceae,Bacteroides,Bacteroides intestinalis
Bacteroides ovatus,3477.166667,Bacteroidetes,Bacteroidia,Bacteroidales,Bacteroidaceae,Bacteroides,Bacteroides ovatus
Bacteroides salanitronis,7068.5,Bacteroidetes,Bacteroidia,Bacteroidales,Bacteroidaceae,Bacteroides,Bacteroides salanitronis
Bacteroides sp. A1C1,2294.666667,Bacteroidetes,Bacteroidia,Bacteroidales,Bacteroidaceae,Bacteroides,Bacteroides sp. A1C1
Bacteroides sp. CBA7301,3744.166667,Bacteroidetes,Bacteroidia,Bacteroidales,Bacteroidaceae,Bacteroides,Bacteroides sp. CBA7301
Bacteroides thetaiotaomicron,8930.166667,Bacteroidetes,Bacteroidia,Bacteroidales,Bacteroidaceae,Bacteroides,Bacteroides thetaiotaomicron
Bacteroides uniformis,3755.333333,Bacteroidetes,Bacteroidia,Bacteroidales,Bacteroidaceae,Bacteroides,Bacteroides uniformis
Bacteroides vulgatus,3214,Bacteroidetes,Bacteroidia,Bacteroidales,Bacteroidaceae,Bacteroides,Bacteroides vulgatus
Bacteroides xylanisolvens,1539.333333,Bacteroidetes,Bacteroidia,Bacteroidales,Bacteroidaceae,Bacteroides,Bacteroides xylanisolvens
Bacteroides zoogleoformans,4324,Bacteroidetes,Bacteroidia,Bacteroidales,Bacteroidaceae,Bacteroides,Bacteroides zoogleoformans
Barnesiella viscericola,6670.833333,Bacteroidetes,Bacteroidia,Bacteroidales,Barnesiellaceae,Barnesiella,Barnesiella viscericola
Proteiniphilum saccharofermentans,1982.666667,Bacteroidetes,Bacteroidia,Bacteroidales,Dysgonamonadaceae,Proteiniphilum,Proteiniphilum saccharofermentans
Duncaniella dubosii,5526,Bacteroidetes,Bacteroidia,Bacteroidales,Muribaculaceae,Duncaniella,Duncaniella dubosii
Muribaculum intestinale,6092,Bacteroidetes,Bacteroidia,Bacteroidales,Muribaculaceae,Muribaculum,Muribaculum intestinale
Muribaculum sp. TLL-A4,6431.833333,Bacteroidetes,Bacteroidia,Bacteroidales,Muribaculaceae,Muribaculum,Muribaculum sp. TLL-A4
Muribaculaceae bacterium DSM 108610,11146,Bacteroidetes,Bacteroidia,Bacteroidales,Muribaculaceae,,Muribaculaceae bacterium DSM 108610
Butyricimonas faecalis,8598.166667,Bacteroidetes,Bacteroidia,Bacteroidales,Odoribacteraceae,Butyricimonas,Butyricimonas faecalis
Odoribacter splanchnicus,2491.5,Bacteroidetes,Bacteroidia,Bacteroidales,Odoribacteraceae,Odoribacter,Odoribacter splanchnicus
Paludibacter propionicigenes,2736.666667,Bacteroidetes,Bacteroidia,Bacteroidales,Paludibacteraceae,Paludibacter,Paludibacter propionicigenes
Fermentimonas caenicola,1391.833333,Bacteroidetes,Bacteroidia,Bacteroidales,Porphyromonadaceae,Fermentimonas,Fermentimonas caenicola
Petrimonas mucosa,2947.333333,Bacteroidetes,Bacteroidia,Bacteroidales,Porphyromonadaceae,Petrimonas,Petrimonas mucosa
Porphyromonas asaccharolytica,3038.833333,Bacteroidetes,Bacteroidia,Bacteroidales,Porphyromonadaceae,Porphyromonas,Porphyromonas asaccharolytica
Porphyromonas cangingivalis,3258.666667,Bacteroidetes,Bacteroidia,Bacteroidales,Porphyromonadaceae,Porphyromonas,Porphyromonas cangingivalis
Porphyromonas gingivalis,3721.833333,Bacteroidetes,Bacteroidia,Bacteroidales,Porphyromonadaceae,Porphyromonas,Porphyromonas gingivalis
Alloprevotella sp. E39,9621.5,Bacteroidetes,Bacteroidia,Bacteroidales,Prevotellaceae,Alloprevotella,Alloprevotella sp. E39
Paraprevotella xylaniphila,6268,Bacteroidetes,Bacteroidia,Bacteroidales,Prevotellaceae,Paraprevotella,Paraprevotella xylaniphila
Prevotella dentalis,12572,Bacteroidetes,Bacteroidia,Bacteroidales,Prevotellaceae,Prevotella,Prevotella dentalis
Prevotella denticola,11219.33333,Bacteroidetes,Bacteroidia,Bacteroidales,Prevotellaceae,Prevotella,Prevotella denticola
Prevotella enoeca,4096.333333,Bacteroidetes,Bacteroidia,Bacteroidales,Prevotellaceae,Prevotella,Prevotella enoeca
Prevotella fusca,7051.666667,Bacteroidetes,Bacteroidia,Bacteroidales,Prevotellaceae,Prevotella,Prevotella fusca
Prevotella intermedia,14265,Bacteroidetes,Bacteroidia,Bacteroidales,Prevotellaceae,Prevotella,Prevotella intermedia
Prevotella jejuni,4005.666667,Bacteroidetes,Bacteroidia,Bacteroidales,Prevotellaceae,Prevotella,Prevotella jejuni
Prevotella melaninogenica,11313.66667,Bacteroidetes,Bacteroidia,Bacteroidales,Prevotellaceae,Prevotella,Prevotella melaninogenica
Prevotella oris,7976.666667,Bacteroidetes,Bacteroidia,Bacteroidales,Prevotellaceae,Prevotella,Prevotella oris
Prevotella ruminicola,33070,Bacteroidetes,Bacteroidia,Bacteroidales,Prevotellaceae,Prevotella,Prevotella ruminicola
Prevotella scopos,4026.833333,Bacteroidetes,Bacteroidia,Bacteroidales,Prevotellaceae,Prevotella,Prevotella scopos
Prevotella sp. oral taxon 299,3478,Bacteroidetes,Bacteroidia,Bacteroidales,Prevotellaceae,Prevotella,Prevotella sp. oral taxon 299
Alistipes communis,5378.5,Bacteroidetes,Bacteroidia,Bacteroidales,Rikenellaceae,Alistipes,Alistipes communis
Alistipes dispar,4313.5,Bacteroidetes,Bacteroidia,Bacteroidales,Rikenellaceae,Alistipes,Alistipes dispar
Alistipes finegoldii,4196.333333,Bacteroidetes,Bacteroidia,Bacteroidales,Rikenellaceae,Alistipes,Alistipes finegoldii
Alistipes megaguti,5624.333333,Bacteroidetes,Bacteroidia,Bacteroidales,Rikenellaceae,Alistipes,Alistipes megaguti
Alistipes onderdonkii,5411.166667,Bacteroidetes,Bacteroidia,Bacteroidales,Rikenellaceae,Alistipes,Alistipes onderdonkii
Alistipes shahii,4712.5,Bacteroidetes,Bacteroidia,Bacteroidales,Rikenellaceae,Alistipes,Alistipes shahii
Alistipes sp. dk3624,3229.166667,Bacteroidetes,Bacteroidia,Bacteroidales,Rikenellaceae,Alistipes,Alistipes sp. dk3624
Mucinivorans hirudinis,2086.5,Bacteroidetes,Bacteroidia,Bacteroidales,Rikenellaceae,Mucinivorans,Mucinivorans hirudinis
Parabacteroides distasonis,2832.333333,Bacteroidetes,Bacteroidia,Bacteroidales,Tannerellaceae,Parabacteroides,Parabacteroides distasonis
Tannerella forsythia,3566.5,Bacteroidetes,Bacteroidia,Bacteroidales,Tannerellaceae,Tannerella,Tannerella forsythia
Tannerella sp. oral taxon HOT-286,5163,Bacteroidetes,Bacteroidia,Bacteroidales,Tannerellaceae,Tannerella,Tannerella sp. oral taxon HOT-286
Bacteroidales bacterium 38-H,1997.666667,Bacteroidetes,Bacteroidia,Bacteroidales,,,Bacteroidales bacterium 38-H
Bacteroidales bacterium CF,7098,Bacteroidetes,Bacteroidia,Bacteroidales,,,Bacteroidales bacterium CF
Chitinophaga pinensis,1685.5,Bacteroidetes,Chitinophagia,Chitinophagales,Chitinophagaceae,Chitinophaga,Chitinophaga pinensis
Hymenobacter sp. APR13,1072.666667,Bacteroidetes,Cytophagia,Cytophagales,Hymenobacteraceae,Hymenobacter,Hymenobacter sp. APR13
Hymenobacter sp. PAMC 26554,1293.166667,Bacteroidetes,Cytophagia,Cytophagales,Hymenobacteraceae,Hymenobacter,Hymenobacter sp. PAMC 26554
Pontibacter sp. BT326,1702.166667,Bacteroidetes,Cytophagia,Cytophagales,Hymenobacteraceae,Pontibacter,Pontibacter sp. BT326
Haliscomenobacter hydrossis,1243.666667,Bacteroidetes,Saprospiria,Saprospirales,Haliscomenobacteraceae,Haliscomenobacter,Haliscomenobacter hydrossis
Rhodothermus marinus,1570.166667,Bacteroidetes,,Bacteroidetes Order II. Incertae sedis,Rhodothermaceae,Rhodothermus,Rhodothermus marinus
Salinibacter ruber,955,Bacteroidetes,,Bacteroidetes Order II. Incertae sedis,Rhodothermaceae,Salinibacter,Salinibacter ruber
Dehalococcoides mccartyi,1269.5,Chloroflexi,Dehalococcoidia,Dehalococcoidales,Dehalococcoidaceae,Dehalococcoides,Dehalococcoides mccartyi
Prochlorococcus marinus,853.1666667,Cyanobacteria,,Synechococcales,Prochloraceae,Prochlorococcus,Prochlorococcus marinus
Fibrobacter succinogenes,17435.16667,Fibrobacteres,Fibrobacteria,Fibrobacterales,Fibrobacteraceae,Fibrobacter,Fibrobacter succinogenes
Alicyclobacillus acidocaldarius,1280.5,Firmicutes,Bacilli,Bacillales,Alicyclobacillaceae,Alicyclobacillus,Alicyclobacillus acidocaldarius
Tumebacillus avium,1066.333333,Firmicutes,Bacilli,Bacillales,Alicyclobacillaceae,Tumebacillus,Tumebacillus avium
Bacillus cereus,1427.666667,Firmicutes,Bacilli,Bacillales,Bacillaceae,Bacillus,Bacillus cereus
Bacillus circulans,831.6666667,Firmicutes,Bacilli,Bacillales,Bacillaceae,Bacillus,Bacillus circulans
Bacillus coagulans,1338.666667,Firmicutes,Bacilli,Bacillales,Bacillaceae,Bacillus,Bacillus coagulans
Bacillus marisflavi,930.6666667,Firmicutes,Bacilli,Bacillales,Bacillaceae,Bacillus,Bacillus marisflavi
Bacillus megaterium,975,Firmicutes,Bacilli,Bacillales,Bacillaceae,Bacillus,Bacillus megaterium
Bacillus thuringiensis,829.1666667,Firmicutes,Bacilli,Bacillales,Bacillaceae,Bacillus,Bacillus thuringiensis
Listeria monocytogenes,905.6666667,Firmicutes,Bacilli,Bacillales,Listeriaceae,Listeria,Listeria monocytogenes
Cohnella sp. MFER-1,881.1666667,Firmicutes,Bacilli,Bacillales,Paenibacillaceae,Cohnella,Cohnella sp. MFER-1
Paenibacillus albus,719.6666667,Firmicutes,Bacilli,Bacillales,Paenibacillaceae,Paenibacillus,Paenibacillus albus
Paenibacillus cellulositrophicus,1092.5,Firmicutes,Bacilli,Bacillales,Paenibacillaceae,Paenibacillus,Paenibacillus cellulositrophicus
Paenibacillus durus,1309.666667,Firmicutes,Bacilli,Bacillales,Paenibacillaceae,Paenibacillus,Paenibacillus durus
Paenibacillus ihbetae,921.5,Firmicutes,Bacilli,Bacillales,Paenibacillaceae,Paenibacillus,Paenibacillus ihbetae
Paenibacillus mucilaginosus,1933,Firmicutes,Bacilli,Bacillales,Paenibacillaceae,Paenibacillus,Paenibacillus mucilaginosus
Paenibacillus polymyxa,972.3333333,Firmicutes,Bacilli,Bacillales,Paenibacillaceae,Paenibacillus,Paenibacillus polymyxa
Paenibacillus sp. 12200R-189,1351.5,Firmicutes,Bacilli,Bacillales,Paenibacillaceae,Paenibacillus,Paenibacillus sp. 12200R-189
Paenibacillus sp. B01,1246.5,Firmicutes,Bacilli,Bacillales,Paenibacillaceae,Paenibacillus,Paenibacillus sp. B01
Paenibacillus sp. RUD330,1122.666667,Firmicutes,Bacilli,Bacillales,Paenibacillaceae,Paenibacillus,Paenibacillus sp. RUD330
Paenibacillus sp. UniB2,1144.5,Firmicutes,Bacilli,Bacillales,Paenibacillaceae,Paenibacillus,Paenibacillus sp. UniB2
Paenibacillus stellifer,1250.333333,Firmicutes,Bacilli,Bacillales,Paenibacillaceae,Paenibacillus,Paenibacillus stellifer
Paenibacillus thiaminolyticus,954.5,Firmicutes,Bacilli,Bacillales,Paenibacillaceae,Paenibacillus,Paenibacillus thiaminolyticus
Saccharibacillus brassicae,1327.166667,Firmicutes,Bacilli,Bacillales,Paenibacillaceae,Saccharibacillus,Saccharibacillus brassicae
Thermobacillus composti,1768.166667,Firmicutes,Bacilli,Bacillales,Paenibacillaceae,Thermobacillus,Thermobacillus composti
Staphylococcus aureus,991,Firmicutes,Bacilli,Bacillales,Staphylococcaceae,Staphylococcus,Staphylococcus aureus
Jeotgalibaca porci,1312,Firmicutes,Bacilli,Lactobacillales,Carnobacteriaceae,Jeotgalibaca,Jeotgalibaca porci
Enterococcus cecorum,981,Firmicutes,Bacilli,Lactobacillales,Enterococcaceae,Enterococcus,Enterococcus cecorum
Enterococcus faecalis,1295.666667,Firmicutes,Bacilli,Lactobacillales,Enterococcaceae,Enterococcus,Enterococcus faecalis
Enterococcus faecium,1857.166667,Firmicutes,Bacilli,Lactobacillales,Enterococcaceae,Enterococcus,Enterococcus faecium
Lactobacillus acetotolerans,5518.666667,Firmicutes,Bacilli,Lactobacillales,Lactobacillaceae,Lactobacillus,Lactobacillus acetotolerans
Lactobacillus acidophilus,26175.5,Firmicutes,Bacilli,Lactobacillales,Lactobacillaceae,Lactobacillus,Lactobacillus acidophilus
Lactobacillus agilis,2773.166667,Firmicutes,Bacilli,Lactobacillales,Lactobacillaceae,Lactobacillus,Lactobacillus agilis
Lactobacillus amylolyticus,7215,Firmicutes,Bacilli,Lactobacillales,Lactobacillaceae,Lactobacillus,Lactobacillus amylolyticus
Lactobacillus amylovorus,120852.6667,Firmicutes,Bacilli,Lactobacillales,Lactobacillaceae,Lactobacillus,Lactobacillus amylovorus
Lactobacillus apis,1792.666667,Firmicutes,Bacilli,Lactobacillales,Lactobacillaceae,Lactobacillus,Lactobacillus apis
Lactobacillus crispatus,54327.5,Firmicutes,Bacilli,Lactobacillales,Lactobacillaceae,Lactobacillus,Lactobacillus crispatus
Lactobacillus delbrueckii,8082.5,Firmicutes,Bacilli,Lactobacillales,Lactobacillaceae,Lactobacillus,Lactobacillus delbrueckii
Lactobacillus dextrinicus,753.6666667,Firmicutes,Bacilli,Lactobacillales,Lactobacillaceae,Lactobacillus,Lactobacillus dextrinicus
Lactobacillus fermentum,3418,Firmicutes,Bacilli,Lactobacillales,Lactobacillaceae,Lactobacillus,Lactobacillus fermentum
Lactobacillus gallinarum,10505.16667,Firmicutes,Bacilli,Lactobacillales,Lactobacillaceae,Lactobacillus,Lactobacillus gallinarum
Lactobacillus gasseri,2288.333333,Firmicutes,Bacilli,Lactobacillales,Lactobacillaceae,Lactobacillus,Lactobacillus gasseri
Lactobacillus helveticus,57899,Firmicutes,Bacilli,Lactobacillales,Lactobacillaceae,Lactobacillus,Lactobacillus helveticus
Lactobacillus iners,1619.5,Firmicutes,Bacilli,Lactobacillales,Lactobacillaceae,Lactobacillus,Lactobacillus iners
Lactobacillus jensenii,4482,Firmicutes,Bacilli,Lactobacillales,Lactobacillaceae,Lactobacillus,Lactobacillus jensenii
Lactobacillus johnsonii,12897.83333,Firmicutes,Bacilli,Lactobacillales,Lactobacillaceae,Lactobacillus,Lactobacillus johnsonii
Lactobacillus kefiranofaciens,17974.5,Firmicutes,Bacilli,Lactobacillales,Lactobacillaceae,Lactobacillus,Lactobacillus kefiranofaciens
Lactobacillus plantarum,1173.833333,Firmicutes,Bacilli,Lactobacillales,Lactobacillaceae,Lactobacillus,Lactobacillus plantarum
Lactobacillus reuteri,51966.66667,Firmicutes,Bacilli,Lactobacillales,Lactobacillaceae,Lactobacillus,Lactobacillus reuteri
Lactobacillus ruminis,947.8333333,Firmicutes,Bacilli,Lactobacillales,Lactobacillaceae,Lactobacillus,Lactobacillus ruminis
Lactobacillus sakei,756.6666667,Firmicutes,Bacilli,Lactobacillales,Lactobacillaceae,Lactobacillus,Lactobacillus sakei
Lactobacillus salivarius,5756.5,Firmicutes,Bacilli,Lactobacillales,Lactobacillaceae,Lactobacillus,Lactobacillus salivarius
Lactobacillus sp. C25,5446.333333,Firmicutes,Bacilli,Lactobacillales,Lactobacillaceae,Lactobacillus,Lactobacillus sp. C25
Lactobacillus vaginalis,9657.833333,Firmicutes,Bacilli,Lactobacillales,Lactobacillaceae,Lactobacillus,Lactobacillus vaginalis
Lactococcus lactis,2110.333333,Firmicutes,Bacilli,Lactobacillales,Streptococcaceae,Lactococcus,Lactococcus lactis
Lactococcus raffinolactis,1107.666667,Firmicutes,Bacilli,Lactobacillales,Streptococcaceae,Lactococcus,Lactococcus raffinolactis
Streptococcus agalactiae,1461.333333,Firmicutes,Bacilli,Lactobacillales,Streptococcaceae,Streptococcus,Streptococcus agalactiae
Streptococcus canis,1444.166667,Firmicutes,Bacilli,Lactobacillales,Streptococcaceae,Streptococcus,Streptococcus canis
Streptococcus cristatus,533.1666667,Firmicutes,Bacilli,Lactobacillales,Streptococcaceae,Streptococcus,Streptococcus cristatus
Streptococcus dysgalactiae,2666.166667,Firmicutes,Bacilli,Lactobacillales,Streptococcaceae,Streptococcus,Streptococcus dysgalactiae
Streptococcus equi,1329.666667,Firmicutes,Bacilli,Lactobacillales,Streptococcaceae,Streptococcus,Streptococcus equi
Streptococcus equinus,795281,Firmicutes,Bacilli,Lactobacillales,Streptococcaceae,Streptococcus,Streptococcus equinus
Streptococcus gallolyticus,12389,Firmicutes,Bacilli,Lactobacillales,Streptococcaceae,Streptococcus,Streptococcus gallolyticus
Streptococcus gordonii,782.3333333,Firmicutes,Bacilli,Lactobacillales,Streptococcaceae,Streptococcus,Streptococcus gordonii
Streptococcus infantarius,13708.83333,Firmicutes,Bacilli,Lactobacillales,Streptococcaceae,Streptococcus,Streptococcus infantarius
Streptococcus oralis,474.6666667,Firmicutes,Bacilli,Lactobacillales,Streptococcaceae,Streptococcus,Streptococcus oralis
Streptococcus parauberis,786.1666667,Firmicutes,Bacilli,Lactobacillales,Streptococcaceae,Streptococcus,Streptococcus parauberis
Streptococcus pneumoniae,980.6666667,Firmicutes,Bacilli,Lactobacillales,Streptococcaceae,Streptococcus,Streptococcus pneumoniae
Streptococcus porcinus,648.3333333,Firmicutes,Bacilli,Lactobacillales,Streptococcaceae,Streptococcus,Streptococcus porcinus
Streptococcus pyogenes,1311.166667,Firmicutes,Bacilli,Lactobacillales,Streptococcaceae,Streptococcus,Streptococcus pyogenes
Streptococcus ratti,918,Firmicutes,Bacilli,Lactobacillales,Streptococcaceae,Streptococcus,Streptococcus ratti
Streptococcus salivarius,1238.666667,Firmicutes,Bacilli,Lactobacillales,Streptococcaceae,Streptococcus,Streptococcus salivarius
Streptococcus sanguinis,927.8333333,Firmicutes,Bacilli,Lactobacillales,Streptococcaceae,Streptococcus,Streptococcus sanguinis
Streptococcus sobrinus,665.3333333,Firmicutes,Bacilli,Lactobacillales,Streptococcaceae,Streptococcus,Streptococcus sobrinus
Streptococcus sp. CNU 77-61,3315,Firmicutes,Bacilli,Lactobacillales,Streptococcaceae,Streptococcus,Streptococcus sp. CNU 77-61
Streptococcus sp. CNU G2,4164.166667,Firmicutes,Bacilli,Lactobacillales,Streptococcaceae,Streptococcus,Streptococcus sp. CNU G2
Streptococcus sp. CNU G3,3507.333333,Firmicutes,Bacilli,Lactobacillales,Streptococcaceae,Streptococcus,Streptococcus sp. CNU G3
Streptococcus sp. Z15,619.6666667,Firmicutes,Bacilli,Lactobacillales,Streptococcaceae,Streptococcus,Streptococcus sp. Z15
Streptococcus suis,7608.166667,Firmicutes,Bacilli,Lactobacillales,Streptococcaceae,Streptococcus,Streptococcus suis
Streptococcus thermophilus,3741,Firmicutes,Bacilli,Lactobacillales,Streptococcaceae,Streptococcus,Streptococcus thermophilus
Christensenella minuta,4563.5,Firmicutes,Clostridia,Clostridiales,Christensenellaceae,Christensenella,Christensenella minuta
Christensenella sp. Marseille-P3954,10181.5,Firmicutes,Clostridia,Clostridiales,Christensenellaceae,Christensenella,Christensenella sp. Marseille-P3954
Alkaliphilus metalliredigens,699.3333333,Firmicutes,Clostridia,Clostridiales,Clostridiaceae,Alkaliphilus,Alkaliphilus metalliredigens
Alkaliphilus oremlandii,1142.166667,Firmicutes,Clostridia,Clostridiales,Clostridiaceae,Alkaliphilus,Alkaliphilus oremlandii
Caloramator sp. E03,1444.166667,Firmicutes,Clostridia,Clostridiales,Clostridiaceae,Caloramator,Caloramator sp. E03
Caloranaerobacter azorensis,935.3333333,Firmicutes,Clostridia,Clostridiales,Clostridiaceae,Caloranaerobacter,Caloranaerobacter azorensis
Clostridium aceticum,775.8333333,Firmicutes,Clostridia,Clostridiales,Clostridiaceae,Clostridium,Clostridium aceticum
Clostridium acetobutylicum,1592.166667,Firmicutes,Clostridia,Clostridiales,Clostridiaceae,Clostridium,Clostridium acetobutylicum
Clostridium argentinense,1546.166667,Firmicutes,Clostridia,Clostridiales,Clostridiaceae,Clostridium,Clostridium argentinense
Clostridium baratii,8212.833333,Firmicutes,Clostridia,Clostridiales,Clostridiaceae,Clostridium,Clostridium baratii
Clostridium beijerinckii,2822.333333,Firmicutes,Clostridia,Clostridiales,Clostridiaceae,Clostridium,Clostridium beijerinckii
Clostridium bornimense,2390.833333,Firmicutes,Clostridia,Clostridiales,Clostridiaceae,Clostridium,Clostridium bornimense
Clostridium botulinum,8678.5,Firmicutes,Clostridia,Clostridiales,Clostridiaceae,Clostridium,Clostridium botulinum
Clostridium butyricum,12930.83333,Firmicutes,Clostridia,Clostridiales,Clostridiaceae,Clostridium,Clostridium butyricum
Clostridium carboxidivorans,914.8333333,Firmicutes,Clostridia,Clostridiales,Clostridiaceae,Clostridium,Clostridium carboxidivorans
Clostridium cellulovorans,2277,Firmicutes,Clostridia,Clostridiales,Clostridiaceae,Clostridium,Clostridium cellulovorans
Clostridium chauvoei,1904.333333,Firmicutes,Clostridia,Clostridiales,Clostridiaceae,Clostridium,Clostridium chauvoei
Clostridium cochlearium,1019.333333,Firmicutes,Clostridia,Clostridiales,Clostridiaceae,Clostridium,Clostridium cochlearium
Clostridium estertheticum,1469.5,Firmicutes,Clostridia,Clostridiales,Clostridiaceae,Clostridium,Clostridium estertheticum
Clostridium formicaceticum,983.1666667,Firmicutes,Clostridia,Clostridiales,Clostridiaceae,Clostridium,Clostridium formicaceticum
Clostridium isatidis,1752.5,Firmicutes,Clostridia,Clostridiales,Clostridiaceae,Clostridium,Clostridium isatidis
Clostridium kluyveri,1729.166667,Firmicutes,Clostridia,Clostridiales,Clostridiaceae,Clostridium,Clostridium kluyveri
Clostridium novyi,1980.666667,Firmicutes,Clostridia,Clostridiales,Clostridiaceae,Clostridium,Clostridium novyi
Clostridium pasteurianum,2673.166667,Firmicutes,Clostridia,Clostridiales,Clostridiaceae,Clostridium,Clostridium pasteurianum
Clostridium perfringens,7872.5,Firmicutes,Clostridia,Clostridiales,Clostridiaceae,Clostridium,Clostridium perfringens
Clostridium saccharobutylicum,4687.166667,Firmicutes,Clostridia,Clostridiales,Clostridiaceae,Clostridium,Clostridium saccharobutylicum
Clostridium saccharoperbutylacetonicum,4176.166667,Firmicutes,Clostridia,Clostridiales,Clostridiaceae,Clostridium,Clostridium saccharoperbutylacetonicum
Clostridium septicum,1825.333333,Firmicutes,Clostridia,Clostridiales,Clostridiaceae,Clostridium,Clostridium septicum
Clostridium sp. BNL1100,1668.666667,Firmicutes,Clostridia,Clostridiales,Clostridiaceae,Clostridium,Clostridium sp. BNL1100
Clostridium sp. CT4,2002,Firmicutes,Clostridia,Clostridiales,Clostridiaceae,Clostridium,Clostridium sp. CT4
Clostridium sp. DL-VIII,3498.666667,Firmicutes,Clostridia,Clostridiales,Clostridiaceae,Clostridium,Clostridium sp. DL-VIII
Clostridium sp. JN-1,983.8333333,Firmicutes,Clostridia,Clostridiales,Clostridiaceae,Clostridium,Clostridium sp. JN-1
Clostridium sp. JN500901,1002,Firmicutes,Clostridia,Clostridiales,Clostridiaceae,Clostridium,Clostridium sp. JN500901
Clostridium sp. JN-9,1415.666667,Firmicutes,Clostridia,Clostridiales,Clostridiaceae,Clostridium,Clostridium sp. JN-9
Clostridium sp. SY8519,5678.833333,Firmicutes,Clostridia,Clostridiales,Clostridiaceae,Clostridium,Clostridium sp. SY8519
Clostridium sp. SYSU GA15002T,2036.333333,Firmicutes,Clostridia,Clostridiales,Clostridiaceae,Clostridium,Clostridium sp. SYSU GA15002T
Clostridium taeniosporum,2469.833333,Firmicutes,Clostridia,Clostridiales,Clostridiaceae,Clostridium,Clostridium taeniosporum
Clostridium tetani,1190.166667,Firmicutes,Clostridia,Clostridiales,Clostridiaceae,Clostridium,Clostridium tetani
Clostridium tyrobutyricum,1223,Firmicutes,Clostridia,Clostridiales,Clostridiaceae,Clostridium,Clostridium tyrobutyricum
Crassaminicella sp. SY095,1561.5,Firmicutes,Clostridia,Clostridiales,Clostridiaceae,Crassaminicella,Crassaminicella sp. SY095
Geosporobacter ferrireducens,1239.666667,Firmicutes,Clostridia,Clostridiales,Clostridiaceae,Geosporobacter,Geosporobacter ferrireducens
Hathewaya histolytica,863.1666667,Firmicutes,Clostridia,Clostridiales,Clostridiaceae,Hathewaya,Hathewaya histolytica
Hungatella hathewayi,5458,Firmicutes,Clostridia,Clostridiales,Clostridiaceae,Hungatella,Hungatella hathewayi
Clostridiaceae bacterium 14S0207,1120.5,Firmicutes,Clostridia,Clostridiales,Clostridiaceae,,Clostridiaceae bacterium 14S0207
Aminipila butyrica,1659,Firmicutes,Clostridia,Clostridiales,Clostridiales Family XIII. Incertae Sedis,Aminipila,Aminipila butyrica
Aminipila sp. CBA3637,1959.333333,Firmicutes,Clostridia,Clostridiales,Clostridiales Family XIII. Incertae Sedis,Aminipila,Aminipila sp. CBA3637
Aminipila sp. JN-18,3005.5,Firmicutes,Clostridia,Clostridiales,Clostridiales Family XIII. Incertae Sedis,Aminipila,Aminipila sp. JN-18
Mogibacterium diversum,1542,Firmicutes,Clostridia,Clostridiales,Clostridiales Family XIII. Incertae Sedis,Mogibacterium,Mogibacterium diversum
Mogibacterium pumilum,1956.333333,Firmicutes,Clostridia,Clostridiales,Clostridiales Family XIII. Incertae Sedis,Mogibacterium,Mogibacterium pumilum
[Eubacterium] minutum,1584.333333,Firmicutes,Clostridia,Clostridiales,Clostridiales Family XIII. Incertae Sedis,,[Eubacterium] minutum
[Eubacterium] sulci,3111.833333,Firmicutes,Clostridia,Clostridiales,Clostridiales Family XIII. Incertae Sedis,,[Eubacterium] sulci
Acetobacterium sp. KB-1,915.8333333,Firmicutes,Clostridia,Clostridiales,Eubacteriaceae,Acetobacterium,Acetobacterium sp. KB-1
Eubacterium callanderi,1188.166667,Firmicutes,Clostridia,Clostridiales,Eubacteriaceae,Eubacterium,Eubacterium callanderi
[Eubacterium] cellulosolvens,7604.5,Firmicutes,Clostridia,Clostridiales,Eubacteriaceae,Eubacterium,[Eubacterium] cellulosolvens
Eubacterium limosum,2368.666667,Firmicutes,Clostridia,Clostridiales,Eubacteriaceae,Eubacterium,Eubacterium limosum
Eubacterium maltosivorans,1614.666667,Firmicutes,Clostridia,Clostridiales,Eubacteriaceae,Eubacterium,Eubacterium maltosivorans
Heliobacterium modesticaldum,1701.666667,Firmicutes,Clostridia,Clostridiales,Heliobacteriaceae,Heliobacterium,Heliobacterium modesticaldum
Fastidiosipila sanguinis,1327.5,Firmicutes,Clostridia,Clostridiales,Hungateiclostridiaceae,Fastidiosipila,Fastidiosipila sanguinis
Hungateiclostridium clariflavum,1639.833333,Firmicutes,Clostridia,Clostridiales,Hungateiclostridiaceae,Hungateiclostridium,Hungateiclostridium clariflavum
Hungateiclostridium saccincola,1049.666667,Firmicutes,Clostridia,Clostridiales,Hungateiclostridiaceae,Hungateiclostridium,Hungateiclostridium saccincola
Hungateiclostridium thermocellum,1784,Firmicutes,Clostridia,Clostridiales,Hungateiclostridiaceae,Hungateiclostridium,Hungateiclostridium thermocellum
Mageeibacillus indolicus,2650.166667,Firmicutes,Clostridia,Clostridiales,Hungateiclostridiaceae,Mageeibacillus,Mageeibacillus indolicus
Pseudoclostridium thermosuccinogenes,2666.833333,Firmicutes,Clostridia,Clostridiales,Hungateiclostridiaceae,Pseudoclostridium,Pseudoclostridium thermosuccinogenes
Ruminiclostridium cellulolyticum,1441.666667,Firmicutes,Clostridia,Clostridiales,Hungateiclostridiaceae,Ruminiclostridium,Ruminiclostridium cellulolyticum
Thermoclostridium stercorarium,1753.333333,Firmicutes,Clostridia,Clostridiales,Hungateiclostridiaceae,Thermoclostridium,Thermoclostridium stercorarium
Anaerobutyricum hallii,17318.66667,Firmicutes,Clostridia,Clostridiales,Lachnospiraceae,Anaerobutyricum,Anaerobutyricum hallii
Anaerocolumna sp. CBA3638,4596.5,Firmicutes,Clostridia,Clostridiales,Lachnospiraceae,Anaerocolumna,Anaerocolumna sp. CBA3638
Anaerostipes hadrus,23902.33333,Firmicutes,Clostridia,Clostridiales,Lachnospiraceae,Anaerostipes,Anaerostipes hadrus
Anaerostipes rhamnosivorans,3352.166667,Firmicutes,Clostridia,Clostridiales,Lachnospiraceae,Anaerostipes,Anaerostipes rhamnosivorans
Anaerotignum propionicum,3475.166667,Firmicutes,Clostridia,Clostridiales,Lachnospiraceae,Anaerotignum,Anaerotignum propionicum
Blautia producta,8574.666667,Firmicutes,Clostridia,Clostridiales,Lachnospiraceae,Blautia,Blautia producta
Blautia sp. N6H1-15,6191.666667,Firmicutes,Clostridia,Clostridiales,Lachnospiraceae,Blautia,Blautia sp. N6H1-15
Blautia sp. SC05B48,26686.33333,Firmicutes,Clostridia,Clostridiales,Lachnospiraceae,Blautia,Blautia sp. SC05B48
Butyrivibrio fibrisolvens,12832.33333,Firmicutes,Clostridia,Clostridiales,Lachnospiraceae,Butyrivibrio,Butyrivibrio fibrisolvens
Butyrivibrio hungatei,11302.66667,Firmicutes,Clostridia,Clostridiales,Lachnospiraceae,Butyrivibrio,Butyrivibrio hungatei
Butyrivibrio proteoclasticus,11472.66667,Firmicutes,Clostridia,Clostridiales,Lachnospiraceae,Butyrivibrio,Butyrivibrio proteoclasticus
Cellulosilyticum sp. WCF-2,1680.666667,Firmicutes,Clostridia,Clostridiales,Lachnospiraceae,Cellulosilyticum,Cellulosilyticum sp. WCF-2
Enterocloster bolteae,7478,Firmicutes,Clostridia,Clostridiales,Lachnospiraceae,Enterocloster,Enterocloster bolteae
Enterocloster clostridioformis,6593.666667,Firmicutes,Clostridia,Clostridiales,Lachnospiraceae,Enterocloster,Enterocloster clostridioformis
Herbinix luporum,3392.5,Firmicutes,Clostridia,Clostridiales,Lachnospiraceae,Herbinix,Herbinix luporum
Lachnoanaerobaculum umeaense,5074.833333,Firmicutes,Clostridia,Clostridiales,Lachnospiraceae,Lachnoanaerobaculum,Lachnoanaerobaculum umeaense
[Clostridium] hylemonae,4530.5,Firmicutes,Clostridia,Clostridiales,Lachnospiraceae,Lachnoclostridium,[Clostridium] hylemonae
[Clostridium] scindens,8353,Firmicutes,Clostridia,Clostridiales,Lachnospiraceae,Lachnoclostridium,[Clostridium] scindens
Lachnoclostridium phocaeense,7557,Firmicutes,Clostridia,Clostridiales,Lachnospiraceae,Lachnoclostridium,Lachnoclostridium phocaeense
Lachnoclostridium phytofermentans,5324.666667,Firmicutes,Clostridia,Clostridiales,Lachnospiraceae,Lachnoclostridium,Lachnoclostridium phytofermentans
Lachnoclostridium sp. YL32,4520.666667,Firmicutes,Clostridia,Clostridiales,Lachnospiraceae,Lachnoclostridium,Lachnoclostridium sp. YL32
Lachnospira eligens,23440.33333,Firmicutes,Clostridia,Clostridiales,Lachnospiraceae,Lachnospira,Lachnospira eligens
Lacrimispora saccharolytica,3698.333333,Firmicutes,Clostridia,Clostridiales,Lachnospiraceae,Lacrimispora,Lacrimispora saccharolytica
Lacrimispora sphenoides,4168.166667,Firmicutes,Clostridia,Clostridiales,Lachnospiraceae,Lacrimispora,Lacrimispora sphenoides
[Ruminococcus] gnavus,7256.5,Firmicutes,Clostridia,Clostridiales,Lachnospiraceae,Mediterraneibacter,[Ruminococcus] gnavus
Pseudobutyrivibrio xylanivorans,14430.16667,Firmicutes,Clostridia,Clostridiales,Lachnospiraceae,Pseudobutyrivibrio,Pseudobutyrivibrio xylanivorans
Roseburia hominis,10712.33333,Firmicutes,Clostridia,Clostridiales,Lachnospiraceae,Roseburia,Roseburia hominis
Roseburia intestinalis,14774.83333,Firmicutes,Clostridia,Clostridiales,Lachnospiraceae,Roseburia,Roseburia intestinalis
Lachnospiraceae bacterium,5472.5,Firmicutes,Clostridia,Clostridiales,Lachnospiraceae,,Lachnospiraceae bacterium
Lachnospiraceae bacterium Choco86,8131,Firmicutes,Clostridia,Clostridiales,Lachnospiraceae,,Lachnospiraceae bacterium Choco86
Lachnospiraceae bacterium GAM79,24051.5,Firmicutes,Clostridia,Clostridiales,Lachnospiraceae,,Lachnospiraceae bacterium GAM79
Lachnospiraceae bacterium KM106-2,6771.833333,Firmicutes,Clostridia,Clostridiales,Lachnospiraceae,,Lachnospiraceae bacterium KM106-2
Lachnospiraceae bacterium oral taxon 500,3031.333333,Firmicutes,Clostridia,Clostridiales,Lachnospiraceae,,Lachnospiraceae bacterium oral taxon 500
Dysosmobacter welbionis,4663,Firmicutes,Clostridia,Clostridiales,Oscillospiraceae,Dysosmobacter,Dysosmobacter welbionis
Oscillibacter sp. PEA192,3152.5,Firmicutes,Clostridia,Clostridiales,Oscillospiraceae,Oscillibacter,Oscillibacter sp. PEA192
Oscillibacter valericigenes,30738.16667,Firmicutes,Clostridia,Clostridiales,Oscillospiraceae,Oscillibacter,Oscillibacter valericigenes
Dehalobacterium formicoaceticum,1080.666667,Firmicutes,Clostridia,Clostridiales,Peptococcaceae,Dehalobacterium,Dehalobacterium formicoaceticum
Desulfitobacterium hafniense,1354.5,Firmicutes,Clostridia,Clostridiales,Peptococcaceae,Desulfitobacterium,Desulfitobacterium hafniense
Acetoanaerobium sticklandii,1051.333333,Firmicutes,Clostridia,Clostridiales,Peptostreptococcaceae,Acetoanaerobium,Acetoanaerobium sticklandii
Clostridioides difficile,13244.5,Firmicutes,Clostridia,Clostridiales,Peptostreptococcaceae,Clostridioides,Clostridioides difficile
Filifactor alocis,1299.5,Firmicutes,Clostridia,Clostridiales,Peptostreptococcaceae,Filifactor,Filifactor alocis
Paeniclostridium sordellii,996.8333333,Firmicutes,Clostridia,Clostridiales,Peptostreptococcaceae,Paeniclostridium,Paeniclostridium sordellii
Paraclostridium bifermentans,973.6666667,Firmicutes,Clostridia,Clostridiales,Peptostreptococcaceae,Paraclostridium,Paraclostridium bifermentans
Peptacetobacter hiranonis,1397.833333,Firmicutes,Clostridia,Clostridiales,Peptostreptococcaceae,Peptacetobacter,Peptacetobacter hiranonis
Peptoclostridium acidaminophilum,1591.5,Firmicutes,Clostridia,Clostridiales,Peptostreptococcaceae,Peptoclostridium,Peptoclostridium acidaminophilum
Romboutsia hominis,1050.166667,Firmicutes,Clostridia,Clostridiales,Peptostreptococcaceae,Romboutsia,Romboutsia hominis
Romboutsia sp. CE17,1510.333333,Firmicutes,Clostridia,Clostridiales,Peptostreptococcaceae,Romboutsia,Romboutsia sp. CE17
Peptostreptococcaceae bacterium oral taxon 929,1182.666667,Firmicutes,Clostridia,Clostridiales,Peptostreptococcaceae,,Peptostreptococcaceae bacterium oral taxon 929
Caproiciproducens sp. NJN-50,6539.666667,Firmicutes,Clostridia,Clostridiales,Ruminococcaceae,Caproiciproducens,Caproiciproducens sp. NJN-50
Ethanoligenens harbinense,6448.833333,Firmicutes,Clostridia,Clostridiales,Ruminococcaceae,Ethanoligenens,Ethanoligenens harbinense
Faecalibacterium prausnitzii,67322,Firmicutes,Clostridia,Clostridiales,Ruminococcaceae,Faecalibacterium,Faecalibacterium prausnitzii
Flavonifractor plautii,24960.16667,Firmicutes,Clostridia,Clostridiales,Ruminococcaceae,Flavonifractor,Flavonifractor plautii
Ruminococcus albus,12250.66667,Firmicutes,Clostridia,Clostridiales,Ruminococcaceae,Ruminococcus,Ruminococcus albus
Ruminococcus bicirculans,8011.166667,Firmicutes,Clostridia,Clostridiales,Ruminococcaceae,Ruminococcus,Ruminococcus bicirculans
Ruminococcus champanellensis,15630.5,Firmicutes,Clostridia,Clostridiales,Ruminococcaceae,Ruminococcus,Ruminococcus champanellensis
Ruminococcus sp. JE7A12,15419.66667,Firmicutes,Clostridia,Clostridiales,Ruminococcaceae,Ruminococcus,Ruminococcus sp. JE7A12
Ruthenibacterium lactatiformans,15831.5,Firmicutes,Clostridia,Clostridiales,Ruminococcaceae,Ruthenibacterium,Ruthenibacterium lactatiformans
[Clostridium] cellulosi,3997.166667,Firmicutes,Clostridia,Clostridiales,Ruminococcaceae,,[Clostridium] cellulosi
Symbiobacterium thermophilum,1701.333333,Firmicutes,Clostridia,Clostridiales,Symbiobacteriaceae,Symbiobacterium,Symbiobacterium thermophilum
Petrocella atlantisensis,1271.5,Firmicutes,Clostridia,Clostridiales,Vallitaleaceae,Petrocella,Petrocella atlantisensis
Flintibacter sp. KGMB00164,28269.33333,Firmicutes,Clostridia,Clostridiales,,Flintibacter,Flintibacter sp. KGMB00164
Intestinimonas butyriciproducens,3003,Firmicutes,Clostridia,Clostridiales,,Intestinimonas,Intestinimonas butyriciproducens
Massilistercora timonensis,5734.666667,Firmicutes,Clostridia,Clostridiales,,Massilistercora,Massilistercora timonensis
Clostridiales bacterium CCNA10,25066.66667,Firmicutes,Clostridia,Clostridiales,,,Clostridiales bacterium CCNA10
Thermoanaerobacterium sp. RBIITD,848.3333333,Firmicutes,Clostridia,Thermoanaerobacterales,Thermoanaerobacterales Family III. Incertae Sedis,Thermoanaerobacterium,Thermoanaerobacterium sp. RBIITD
Thermoanaerobacterium thermosaccharolyticum,822.5,Firmicutes,Clostridia,Thermoanaerobacterales,Thermoanaerobacterales Family III. Incertae Sedis,Thermoanaerobacterium,Thermoanaerobacterium thermosaccharolyticum
[Clostridium] innocuum,1399.333333,Firmicutes,Erysipelotrichia,Erysipelotrichales,Erysipelotrichaceae,Erysipelatoclostridium,[Clostridium] innocuum
Erysipelothrix sp. HDW6C,486.6666667,Firmicutes,Erysipelotrichia,Erysipelotrichales,Erysipelotrichaceae,Erysipelothrix,Erysipelothrix sp. HDW6C
Faecalibaculum rodentium,2130.5,Firmicutes,Erysipelotrichia,Erysipelotrichales,Erysipelotrichaceae,Faecalibaculum,Faecalibaculum rodentium
Faecalitalea cylindroides,3926,Firmicutes,Erysipelotrichia,Erysipelotrichales,Erysipelotrichaceae,Faecalitalea,Faecalitalea cylindroides
Intestinibaculum porci,2817.5,Firmicutes,Erysipelotrichia,Erysipelotrichales,Erysipelotrichaceae,Intestinibaculum,Intestinibaculum porci
Longibaculum sp. KGMB06250,4547,Firmicutes,Erysipelotrichia,Erysipelotrichales,Erysipelotrichaceae,Longibaculum,Longibaculum sp. KGMB06250
Turicibacter sp. H121,732.6666667,Firmicutes,Erysipelotrichia,Erysipelotrichales,Erysipelotrichaceae,Turicibacter,Turicibacter sp. H121
Erysipelotrichaceae bacterium GAM147,5300.666667,Firmicutes,Erysipelotrichia,Erysipelotrichales,Erysipelotrichaceae,,Erysipelotrichaceae bacterium GAM147
Acidaminococcus fermentans,3166.833333,Firmicutes,Negativicutes,Acidaminococcales,Acidaminococcaceae,Acidaminococcus,Acidaminococcus fermentans
Acidaminococcus intestini,1604,Firmicutes,Negativicutes,Acidaminococcales,Acidaminococcaceae,Acidaminococcus,Acidaminococcus intestini
Megamonas funiformis,1036.333333,Firmicutes,Negativicutes,Selenomonadales,Selenomonadaceae,Megamonas,Megamonas funiformis
Megamonas hypermegale,808.1666667,Firmicutes,Negativicutes,Selenomonadales,Selenomonadaceae,Megamonas,Megamonas hypermegale
Selenomonas ruminantium,4196.5,Firmicutes,Negativicutes,Selenomonadales,Selenomonadaceae,Selenomonas,Selenomonas ruminantium
Selenomonas sp. oral taxon 126,2119.333333,Firmicutes,Negativicutes,Selenomonadales,Selenomonadaceae,Selenomonas,Selenomonas sp. oral taxon 126
Selenomonas sp. oral taxon 478,808,Firmicutes,Negativicutes,Selenomonadales,Selenomonadaceae,Selenomonas,Selenomonas sp. oral taxon 478
Selenomonas sp. oral taxon 920,1232.5,Firmicutes,Negativicutes,Selenomonadales,Selenomonadaceae,Selenomonas,Selenomonas sp. oral taxon 920
Selenomonas sputigena,3177.166667,Firmicutes,Negativicutes,Selenomonadales,Selenomonadaceae,Selenomonas,Selenomonas sputigena
Megasphaera elsdenii,7745.5,Firmicutes,Negativicutes,Veillonellales,Veillonellaceae,Megasphaera,Megasphaera elsdenii
Megasphaera stantonii,2549.666667,Firmicutes,Negativicutes,Veillonellales,Veillonellaceae,Megasphaera,Megasphaera stantonii
Veillonella parvula,1996,Firmicutes,Negativicutes,Veillonellales,Veillonellaceae,Veillonella,Veillonella parvula
Gottschalkia acidurici,755.3333333,Firmicutes,Tissierellia,Tissierellales,Gottschalkiaceae,Gottschalkia,Gottschalkia acidurici
Finegoldia magna,1278.666667,Firmicutes,Tissierellia,Tissierellales,Peptoniphilaceae,Finegoldia,Finegoldia magna
Murdochiella vaginalis,1240.5,Firmicutes,Tissierellia,Tissierellales,Peptoniphilaceae,Murdochiella,Murdochiella vaginalis
Parvimonas micra,1222.5,Firmicutes,Tissierellia,Tissierellales,Peptoniphilaceae,Parvimonas,Parvimonas micra
Gudongella oleilytica,1444,Firmicutes,Tissierellia,Tissierellales,Tissierellaceae,Gudongella,Gudongella oleilytica
Tissierellia sp. JN-28,1070.166667,Firmicutes,Tissierellia,Tissierellales,Tissierellaceae,Tissierella,Tissierellia sp. JN-28
Ndongobacter massiliensis,1325.666667,Firmicutes,,,,Ndongobacter,Ndongobacter massiliensis
Fusobacterium nucleatum,1595.833333,Fusobacteria,Fusobacteriia,Fusobacteriales,Fusobacteriaceae,Fusobacterium,Fusobacterium nucleatum
Fusobacterium ulcerans,753.1666667,Fusobacteria,Fusobacteriia,Fusobacteriales,Fusobacteriaceae,Fusobacterium,Fusobacterium ulcerans
Fusobacterium varium,858.6666667,Fusobacteria,Fusobacteriia,Fusobacteriales,Fusobacteriaceae,Fusobacterium,Fusobacterium varium
Gemmatirosa kalamazoonesis,1359.5,Gemmatimonadetes,Gemmatimonadetes,Gemmatimonadales,Gemmatimonadaceae,Gemmatirosa,Gemmatirosa kalamazoonesis
Kiritimatiella glycovorans,1653,Kiritimatiellaeota,Kiritimatiellae,Kiritimatiellales,Kiritimatiellaceae,Kiritimatiella,Kiritimatiella glycovorans
Kiritimatiellaeota bacterium S-5007,1304,Kiritimatiellaeota,,,,,Kiritimatiellaeota bacterium S-5007
Victivallales bacterium CCUG 44730,5952.166667,Lentisphaerae,Lentisphaeria,Victivallales,,,Victivallales bacterium CCUG 44730
Candidatus Kuenenia stuttgartiensis,879.6666667,Planctomycetes,Candidatus Brocadiae,Candidatus Brocadiales,Candidatus Brocadiaceae,Candidatus Kuenenia,Candidatus Kuenenia stuttgartiensis
Limnoglobus roseus,1024.666667,Planctomycetes,Planctomycetia,Gemmatales,Gemmataceae,Limnoglobus,Limnoglobus roseus
Aquisphaera giovannonii,1352.166667,Planctomycetes,Planctomycetia,Isosphaerales,Isosphaeraceae,Aquisphaera,Aquisphaera giovannonii
Paludisphaera borealis,852.1666667,Planctomycetes,Planctomycetia,Isosphaerales,Isosphaeraceae,Paludisphaera,Paludisphaera borealis
Planctomyces sp. SH-PL14,1051.5,Planctomycetes,Planctomycetia,Planctomycetales,Planctomycetaceae,Planctomyces,Planctomyces sp. SH-PL14
Planctomyces sp. SH-PL62,856,Planctomycetes,Planctomycetia,Planctomycetales,Planctomycetaceae,Planctomyces,Planctomyces sp. SH-PL62
Planctomycetes bacterium ElP,840.3333333,Planctomycetes,,,,,Planctomycetes bacterium ElP
Planctomycetes bacterium ETA_A1,1235.833333,Planctomycetes,,,,,Planctomycetes bacterium ETA_A1
Planctomycetes bacterium MalM25,795,Planctomycetes,,,,,Planctomycetes bacterium MalM25
Planctomycetes bacterium Pla175,933.8333333,Planctomycetes,,,,,Planctomycetes bacterium Pla175
Planctomycetes bacterium Poly30,985.6666667,Planctomycetes,,,,,Planctomycetes bacterium Poly30
Bradyrhizobium erythrophlei,968.8333333,Proteobacteria,Alphaproteobacteria,Rhizobiales,Bradyrhizobiaceae,Bradyrhizobium,Bradyrhizobium erythrophlei
Rhodopseudomonas palustris,2099.333333,Proteobacteria,Alphaproteobacteria,Rhizobiales,Bradyrhizobiaceae,Rhodopseudomonas,Rhodopseudomonas palustris
Devosia sp. A16,681.3333333,Proteobacteria,Alphaproteobacteria,Rhizobiales,Hyphomicrobiaceae,Devosia,Devosia sp. A16
Methylocystis bryophila,772.1666667,Proteobacteria,Alphaproteobacteria,Rhizobiales,Methylocystaceae,Methylocystis,Methylocystis bryophila
Agrobacterium tumefaciens,2121.833333,Proteobacteria,Alphaproteobacteria,Rhizobiales,Rhizobiaceae,Agrobacterium,Agrobacterium tumefaciens
Ensifer adhaerens,970.3333333,Proteobacteria,Alphaproteobacteria,Rhizobiales,Rhizobiaceae,Ensifer,Ensifer adhaerens
Rhizobium leguminosarum,2272,Proteobacteria,Alphaproteobacteria,Rhizobiales,Rhizobiaceae,Rhizobium,Rhizobium leguminosarum
Sinorhizobium fredii,1124.166667,Proteobacteria,Alphaproteobacteria,Rhizobiales,Rhizobiaceae,Sinorhizobium,Sinorhizobium fredii
Pannonibacter phragmitetus,799.6666667,Proteobacteria,Alphaproteobacteria,Rhodobacterales,Rhodobacteraceae,Pannonibacter,Pannonibacter phragmitetus
Rhodobacter sphaeroides,1272.5,Proteobacteria,Alphaproteobacteria,Rhodobacterales,Rhodobacteraceae,Rhodobacter,Rhodobacter sphaeroides
Azospirillum brasilense,1496.166667,Proteobacteria,Alphaproteobacteria,Rhodospirillales,Rhodospirillaceae,Azospirillum,Azospirillum brasilense
Azospirillum lipoferum,733.5,Proteobacteria,Alphaproteobacteria,Rhodospirillales,Rhodospirillaceae,Azospirillum,Azospirillum lipoferum
Achromobacter xylosoxidans,1157.5,Proteobacteria,Betaproteobacteria,Burkholderiales,Alcaligenaceae,Achromobacter,Achromobacter xylosoxidans
Burkholderia gladioli,782.6666667,Proteobacteria,Betaproteobacteria,Burkholderiales,Burkholderiaceae,Burkholderia,Burkholderia gladioli
Cupriavidus pauculus,758.6666667,Proteobacteria,Betaproteobacteria,Burkholderiales,Burkholderiaceae,Cupriavidus,Cupriavidus pauculus
Cupriavidus taiwanensis,1453.666667,Proteobacteria,Betaproteobacteria,Burkholderiales,Burkholderiaceae,Cupriavidus,Cupriavidus taiwanensis
Ralstonia solanacearum,861.8333333,Proteobacteria,Betaproteobacteria,Burkholderiales,Burkholderiaceae,Ralstonia,Ralstonia solanacearum
Variovorax paradoxus,1516.666667,Proteobacteria,Betaproteobacteria,Burkholderiales,Comamonadaceae,Variovorax,Variovorax paradoxus
Variovorax sp. HW608,771.6666667,Proteobacteria,Betaproteobacteria,Burkholderiales,Comamonadaceae,Variovorax,Variovorax sp. HW608
Sutterella faecalis,1225,Proteobacteria,Betaproteobacteria,Burkholderiales,Sutterellaceae,Sutterella,Sutterella faecalis
Nitrosomonadales bacterium 0125_3,716.6666667,Proteobacteria,Betaproteobacteria,Nitrosomonadales,,,Nitrosomonadales bacterium 0125_3
Desulfosarcina ovata,1034,Proteobacteria,Deltaproteobacteria,Desulfobacterales,Desulfobacteraceae,Desulfosarcina,Desulfosarcina ovata
Desulfobulbus oralis,1005.5,Proteobacteria,Deltaproteobacteria,Desulfobacterales,Desulfobulbaceae,Desulfobulbus,Desulfobulbus oralis
Desulfovibrio carbinoliphilus,824.3333333,Proteobacteria,Deltaproteobacteria,Desulfovibrionales,Desulfovibrionaceae,Desulfovibrio,Desulfovibrio carbinoliphilus
Desulfovibrio desulfuricans,2011.166667,Proteobacteria,Deltaproteobacteria,Desulfovibrionales,Desulfovibrionaceae,Desulfovibrio,Desulfovibrio desulfuricans
Desulfovibrio gigas,1078.5,Proteobacteria,Deltaproteobacteria,Desulfovibrionales,Desulfovibrionaceae,Desulfovibrio,Desulfovibrio gigas
Desulfovibrio marinus,1125.666667,Proteobacteria,Deltaproteobacteria,Desulfovibrionales,Desulfovibrionaceae,Desulfovibrio,Desulfovibrio marinus
Desulfovibrio piger,2032.833333,Proteobacteria,Deltaproteobacteria,Desulfovibrionales,Desulfovibrionaceae,Desulfovibrio,Desulfovibrio piger
Desulfovibrio sp. IOR2,1153.5,Proteobacteria,Deltaproteobacteria,Desulfovibrionales,Desulfovibrionaceae,Desulfovibrio,Desulfovibrio sp. IOR2
Desulfovibrio vulgaris,1820.5,Proteobacteria,Deltaproteobacteria,Desulfovibrionales,Desulfovibrionaceae,Desulfovibrio,Desulfovibrio vulgaris
Desulfuromonas sp. DDH964,1218.5,Proteobacteria,Deltaproteobacteria,Desulfuromonadales,Desulfuromonadaceae,Desulfuromonas,Desulfuromonas sp. DDH964
Geobacter sp. FeAm09,1090.833333,Proteobacteria,Deltaproteobacteria,Desulfuromonadales,Geobacteraceae,Geobacter,Geobacter sp. FeAm09
Geobacter sp. M18,1008.333333,Proteobacteria,Deltaproteobacteria,Desulfuromonadales,Geobacteraceae,Geobacter,Geobacter sp. M18
Geobacter sulfurreducens,1007.5,Proteobacteria,Deltaproteobacteria,Desulfuromonadales,Geobacteraceae,Geobacter,Geobacter sulfurreducens
Anaeromyxobacter dehalogenans,960.8333333,Proteobacteria,Deltaproteobacteria,Myxococcales,Anaeromyxobacteraceae,Anaeromyxobacter,Anaeromyxobacter dehalogenans
Anaeromyxobacter sp. Fw109-5,1258.833333,Proteobacteria,Deltaproteobacteria,Myxococcales,Anaeromyxobacteraceae,Anaeromyxobacter,Anaeromyxobacter sp. Fw109-5
Archangium gephyra,1195.833333,Proteobacteria,Deltaproteobacteria,Myxococcales,Archangiaceae,Archangium,Archangium gephyra
Haliangium ochraceum,1370.666667,Proteobacteria,Deltaproteobacteria,Myxococcales,Kofleriaceae,Haliangium,Haliangium ochraceum
Labilithrix luteola,1149.333333,Proteobacteria,Deltaproteobacteria,Myxococcales,Labilitrichaceae,Labilithrix,Labilithrix luteola
Corallococcus coralloides,1376.333333,Proteobacteria,Deltaproteobacteria,Myxococcales,Myxococcaceae,Corallococcus,Corallococcus coralloides
Myxococcus xanthus,910.1666667,Proteobacteria,Deltaproteobacteria,Myxococcales,Myxococcaceae,Myxococcus,Myxococcus xanthus
Sorangium cellulosum,4560.333333,Proteobacteria,Deltaproteobacteria,Myxococcales,Polyangiaceae,Sorangium,Sorangium cellulosum
Sandaracinus amylolyticus,1364.666667,Proteobacteria,Deltaproteobacteria,Myxococcales,Sandaracinaceae,Sandaracinus,Sandaracinus amylolyticus
Minicystis rosea,1498,Proteobacteria,Deltaproteobacteria,Myxococcales,,Minicystis,Minicystis rosea
Aeromonas hydrophila,963.1666667,Proteobacteria,Gammaproteobacteria,Aeromonadales,Aeromonadaceae,Aeromonas,Aeromonas hydrophila
Candidatus Thiodictyon syntrophicum,949.5,Proteobacteria,Gammaproteobacteria,Chromatiales,Chromatiaceae,Thiodictyon,Candidatus Thiodictyon syntrophicum
Escherichia coli,1889.833333,Proteobacteria,Gammaproteobacteria,Enterobacterales,Enterobacteriaceae,Escherichia,Escherichia coli
Salmonella enterica,1326.833333,Proteobacteria,Gammaproteobacteria,Enterobacterales,Enterobacteriaceae,Salmonella,Salmonella enterica
Buchnera aphidicola,2533,Proteobacteria,Gammaproteobacteria,Enterobacterales,Erwiniaceae,Buchnera,Buchnera aphidicola
Serratia marcescens,870.8333333,Proteobacteria,Gammaproteobacteria,Enterobacterales,Yersiniaceae,Serratia,Serratia marcescens
Pseudomonas aeruginosa,1192.666667,Proteobacteria,Gammaproteobacteria,Pseudomonadales,Pseudomonadaceae,Pseudomonas,Pseudomonas aeruginosa
Pseudomonas chlororaphis,884.6666667,Proteobacteria,Gammaproteobacteria,Pseudomonadales,Pseudomonadaceae,Pseudomonas,Pseudomonas chlororaphis
Pseudomonas fluorescens,1776,Proteobacteria,Gammaproteobacteria,Pseudomonadales,Pseudomonadaceae,Pseudomonas,Pseudomonas fluorescens
Pseudomonas mendocina,872,Proteobacteria,Gammaproteobacteria,Pseudomonadales,Pseudomonadaceae,Pseudomonas,Pseudomonas mendocina
Pseudomonas putida,1973.5,Proteobacteria,Gammaproteobacteria,Pseudomonadales,Pseudomonadaceae,Pseudomonas,Pseudomonas putida
Pseudomonas stutzeri,2667.833333,Proteobacteria,Gammaproteobacteria,Pseudomonadales,Pseudomonadaceae,Pseudomonas,Pseudomonas stutzeri
Stenotrophomonas maltophilia,1922.833333,Proteobacteria,Gammaproteobacteria,Xanthomonadales,Xanthomonadaceae,Stenotrophomonas,Stenotrophomonas maltophilia
Turneriella parva,676.3333333,Spirochaetes,Spirochaetia,Leptospirales,Leptospiraceae,Turneriella,Turneriella parva
Spirochaeta thermophila,889.1666667,Spirochaetes,Spirochaetia,Spirochaetales,Spirochaetaceae,Spirochaeta,Spirochaeta thermophila
Treponema brennaborense,3170.833333,Spirochaetes,Spirochaetia,Spirochaetales,Spirochaetaceae,Treponema,Treponema brennaborense
Treponema succinifaciens,5479.166667,Spirochaetes,Spirochaetia,Spirochaetales,Spirochaetaceae,Treponema,Treponema succinifaciens
Cloacibacillus porcorum,2662.166667,Synergistetes,Synergistia,Synergistales,Synergistaceae,Cloacibacillus,Cloacibacillus porcorum
Acholeplasma palmae,781.1666667,Tenericutes,Mollicutes,Acholeplasmatales,Acholeplasmataceae,Acholeplasma,Acholeplasma palmae
Ereboglobus luteus,1657.333333,Verrucomicrobia,Opitutae,Opitutales,Opitutaceae,Ereboglobus,Ereboglobus luteus
Lacunisphaera limnophila,1810.666667,Verrucomicrobia,Opitutae,Opitutales,Opitutaceae,Lacunisphaera,Lacunisphaera limnophila
Nibricoccus aquaticus,1025.666667,Verrucomicrobia,Opitutae,Opitutales,Opitutaceae,Nibricoccus,Nibricoccus aquaticus
Opitutus sp. GAS368,1533.666667,Verrucomicrobia,Opitutae,Opitutales,Opitutaceae,Opitutus,Opitutus sp. GAS368
Opitutus terrae,1611,Verrucomicrobia,Opitutae,Opitutales,Opitutaceae,Opitutus,Opitutus terrae
Opitutaceae bacterium TAV5,2403.5,Verrucomicrobia,Opitutae,Opitutales,Opitutaceae,,Opitutaceae bacterium TAV5
Akkermansia glycaniphila,20922.33333,Verrucomicrobia,Verrucomicrobiae,Verrucomicrobiales,Akkermansiaceae,Akkermansia,Akkermansia glycaniphila
Akkermansia muciniphila,17685.16667,Verrucomicrobia,Verrucomicrobiae,Verrucomicrobiales,Akkermansiaceae,Akkermansia,Akkermansia muciniphila
Luteolibacter sp. G-1-1-1,5192,Verrucomicrobia,Verrucomicrobiae,Verrucomicrobiales,Verrucomicrobiaceae,Luteolibacter,Luteolibacter sp. G-1-1-1
Roseimicrobium sp. ORNL1,3539.166667,Verrucomicrobia,Verrucomicrobiae,Verrucomicrobiales,Verrucomicrobiaceae,Roseimicrobium,Roseimicrobium sp. ORNL1
Verrucomicrobium sp. GAS474,1752.5,Verrucomicrobia,Verrucomicrobiae,Verrucomicrobiales,Verrucomicrobiaceae,Verrucomicrobium,Verrucomicrobium sp. GAS474
Verrucomicrobium spinosum,2616.833333,Verrucomicrobia,Verrucomicrobiae,Verrucomicrobiales,Verrucomicrobiaceae,Verrucomicrobium,Verrucomicrobium spinosum
Verrucomicrobia bacterium IMCC26134,959.5,Verrucomicrobia,,,,,Verrucomicrobia bacterium IMCC26134
